{
   "wait": "🕒 WAIT || Tunggu Sebentar...",
   "daftar": "Hay Ka Kamu Belum Daftar Nih Untuk Menggunakan Fitur Ini Silahkan Daftar Terlebih Dahulu Ketik .daftar nama.umur\nContoh .daftar nama 1999.24",
   "limit": "*❗Limit Kamu Sudah Habis Tidak Bisa Gunain Fitur Ini*\n*Untuk Nambah Limit Silahkan Ketik*\n*.claim (untuk claim harian)*\n*.hour (untuk claim perjam)*\n*.claimkupon (untuk claim kupon)*\n*.claimuang (untuk claim uang)*\n*.buylimit jumlah (untuk beli limit)*\n*contoh .buylimit 10*\n*atau untuk dapat banyak limit mainkan game bot. lihat ada game apa saja ketik*\n*.menu game*\n*atau kamu bisa beli banyak limit ke owner ketik .owner*",
   "banned": "*❌ Kamu Telah Di Banned Tidak Bisa Menggunakan Bot*\n*Silahkan Konfirmasi Ke Owner*\n*Alasan Di Banned:*\n",
   "disable": "‍🐽 Fitur Telah Di Matikan Owner\nChat Owner Untuk Menghidupkanya\nKetik .owner",
   "OnlyGroup": "❗Perintah ini hanya bisa digunakan di grup",
   "OnlyPM": "❗Perintah ini hanya bisa digunakan di private message",
   "GrupAdmin": "❗Perintah ini hanya bisa digunakan oleh Admin Grup",
   "OnlyOwner": "❗Perintah ini hanya dapat digunakan oleh owner bot",
   "BotAdmin": "❗Jadikan aku admin agar dapat menggunakan perintah ini",
   "premium": "❗Perintah ini khusus member premium hubungi owner",
   "groupOnly": "❗Karna Nomor Kamu Bukan Premium Gunakan Di Group Saja Atau Buy Premium Ke Owner Untuk Dapat Akses Disini\nwa.me/6283844026828"
}