{"noiseKey":{"private":{"type":"Buffer","data":"ALwnf0kc2M7kLme1ZXhTQniB9N9B7izFPns213dH8l4="},"public":{"type":"Buffer","data":"a2wqL+qVvfNFwFxpFqjtfKiylFYaUFFOQMbOWjGgMgw="}},"pairingEphemeralKeyPair":{"private":{"type":"Buffer","data":"eNl8l3vOnnrgR/G/zSF1kJvo34oExyOzdr3vziuCoX8="},"public":{"type":"Buffer","data":"pufvF1it8BLXWMdm4xegTraDSq4Uor9O9Xux640OtXA="}},"signedIdentityKey":{"private":{"type":"Buffer","data":"8Nhhr4lUgqTyu2uwvyM4qZFX8ldnN+3u8cLfNQE+alw="},"public":{"type":"Buffer","data":"P5kJH13ipxKlx8nTF84Yhm2BlAo+K1K75Iyk3E4hshM="}},"signedPreKey":{"keyPair":{"private":{"type":"Buffer","data":"0FNu4V3GCoiV9p/5wOPXnMjZFg/2vtmNJ+v2bwP81n4="},"public":{"type":"Buffer","data":"D9CAH8NOKaMrDSGaMYUdPCTAhbzqnwKajjKfrHTBs0E="}},"signature":{"type":"Buffer","data":"pz8ZyQDTIu74q1RabeC6+AhcCOsAxF7XzXGnDamrV9TEIaETTJlOwRYOI+nNLNiEbJm+LWUPPVsMPVd4LZ+ljA=="},"keyId":1},"registrationId":97,"advSecretKey":"TRaYP1KFMb4hDD4UwnKJxSEZcrNBDx1uUXVbJOaaNm8=","processedHistoryMessages":[],"nextPreKeyId":1,"firstUnuploadedPreKeyId":1,"accountSyncCounter":0,"accountSettings":{"unarchiveChats":false},"deviceId":"MOkLQz6ARLWNpEdNE3qt5A","phoneId":"d351860c-8558-4fca-a71b-8afeca37fb36","identityId":{"type":"Buffer","data":"EfuEacaAdwEsqn90qkctA8pN/qs="},"registered":false,"backupToken":{"type":"Buffer","data":"kgXCkr6ljfjWlxl3+779iFjfngk="},"registration":{},"account":{"details":"CLXR0scEEMHol8AGGAEgACgA","accountSignatureKey":"//GU/RbyCxUPmgv/qM0+Tzb0EQDTHm99tnCqqTPw/UM=","accountSignature":"EQuWDbaeAlpwsFRisuRCJ1oOgFumAHNKPbVyTqURae/Ayocz9nQdrpe5TCJpmcx/UWyfwEKmJhnBwKTm3tURDQ==","deviceSignature":"U0SkxwYahzDawNAcx2Tzl1XdM3vRdEXZToHXLzcvXxXToTHibPx8gI2eXx8q3JcIBh/SIq+twqeL42iwsycFgw=="},"me":{"id":"62895413526942:7@s.whatsapp.net"},"signalIdentities":[{"identifier":{"name":"62895413526942:7@s.whatsapp.net","deviceId":0},"identifierKey":{"type":"Buffer","data":"Bf/xlP0W8gsVD5oL/6jNPk829BEA0x5vfbZwqqkz8P1D"}}],"platform":"android"}