{"noiseKey":{"private":{"type":"Buffer","data":"iCCEOPWWoPAHxg3jPAwtRrSozDlhsInVBNDfxjAdt2U="},"public":{"type":"Buffer","data":"jxJM8i4uzZCy8d07ohjc5iJzEDRcSnknphIdkDLMWgk="}},"pairingEphemeralKeyPair":{"private":{"type":"Buffer","data":"cF/a2kQ88i0Q2mz+tJeFqVasy61p1MwxeSK7Bl+3zG0="},"public":{"type":"Buffer","data":"KMaNSiwZ7ggGHwUWcGbXrnxozHhQqVtqFkssEgtp6Vw="}},"signedIdentityKey":{"private":{"type":"Buffer","data":"2Hgwfx4sbHg3Ibd2txX0XJ/sg0fxjcNez5l0GV12ilQ="},"public":{"type":"Buffer","data":"YnMctMliqpHhPNf42+Qz3Bc2dkna7kxEapQP1eLupAI="}},"signedPreKey":{"keyPair":{"private":{"type":"Buffer","data":"MGgk48G5Kzum4w/kH2QcBMpPMYFprNkgice0aeM8TFY="},"public":{"type":"Buffer","data":"S1PjwAnSF6iFC7cLRof8w/XmhUOJsOZ+1nsRmU8tLAA="}},"signature":{"type":"Buffer","data":"wDKPIlZ5exnf2psBiFiqjOT/jYdcxt/aiJjW0p4k1jRlI00mi8fCpONbcLLvNJA8I/o9jcSwz2v/qALMAw0oiQ=="},"keyId":1},"registrationId":94,"advSecretKey":"m9uVyg8w+09d7jxSIea+Yo62fzPuKrf51oJbYL6D6iI=","processedHistoryMessages":[],"nextPreKeyId":1,"firstUnuploadedPreKeyId":1,"accountSyncCounter":0,"accountSettings":{"unarchiveChats":false},"deviceId":"O4UT-c0tTBOKjnjD9YOoPw","phoneId":"7b2c5501-eae3-43b1-bdbe-4d8b1ad8543e","identityId":{"type":"Buffer","data":"HtJ7+c3oyS06ztz/v1aF0JbFEao="},"registered":false,"backupToken":{"type":"Buffer","data":"lb/tRIaBUOcYQNpB0wRxhlQgvHw="},"registration":{},"account":{"details":"CNGwhpYEELrql8AGGAEgACgA","accountSignatureKey":"IoCDdtvgPSxDX+HjjvByRFhUt/AkZcg60cEH38z55BQ=","accountSignature":"fR/Eq3OJ7pY4Y/dnFXss9cYUx0o/dLfr2sTU2uHjpbFYgDcdwaKtgFNA4SjfztYTuI8HtQ8dyavcG+GzqczJAQ==","deviceSignature":"7UkwUhuQ+o4vHkxkVPKmunkZDLp+IK4cgYEaHLO98f0/rwOZJW6NfzQ1/Dha96rvmL5gLa3q3Pd6rCgB5NXHhg=="},"me":{"id":"6283844026828:17@s.whatsapp.net"},"signalIdentities":[{"identifier":{"name":"6283844026828:17@s.whatsapp.net","deviceId":0},"identifierKey":{"type":"Buffer","data":"BSKAg3bb4D0sQ1/h447wckRYVLfwJGXIOtHBB9/M+eQU"}}],"platform":"android"}