{"noiseKey":{"private":{"type":"Buffer","data":"IKxboDVR668vgaC/J+QJ1dkgY14L/MXwwboPh1XmHmU="},"public":{"type":"Buffer","data":"CnxPCamZ/XKyIJI3Dirgb0parZ3MUGllipU1dClhB24="}},"pairingEphemeralKeyPair":{"private":{"type":"Buffer","data":"UHtNj0/BwiyH2mivGdwrXfuEkjC6fymPr7UoDzcsO0Y="},"public":{"type":"Buffer","data":"994teJJXFD2WBYwMIJqm1Vuk1wsR9mSZjuEIodTmwUg="}},"signedIdentityKey":{"private":{"type":"Buffer","data":"OF3D120Ct54h1pbq17Xrqrs4HzoeSjXL5mdZIPNff14="},"public":{"type":"Buffer","data":"MVE2pFLPNGnFXU3j4TDUhOuV65EvnT4LorOo/e9fdFg="}},"signedPreKey":{"keyPair":{"private":{"type":"Buffer","data":"CPKlhhJ9NkeL18QkrHbbopo0M+F1phm/a4pyE9z6AE0="},"public":{"type":"Buffer","data":"MxsV9B3SVHNiJBWxCW1PRmV4n4CX4QgH7QLJoXrK90w="}},"signature":{"type":"Buffer","data":"WhYCGXgf/CV02sC3/ICe3lnH2v4v3vKRpi7+S/9/jHNwwWl9xTj6x83QVegLLFjliGTzvMQs3CO0yZGgkM6cAg=="},"keyId":1},"registrationId":205,"advSecretKey":"7fzO+NHvXJ7rVBqeztmNgnAk4mP1NaevNEk3lfX+ypk=","processedHistoryMessages":[],"nextPreKeyId":1,"firstUnuploadedPreKeyId":1,"accountSyncCounter":0,"accountSettings":{"unarchiveChats":false},"deviceId":"pkKpSO5jTP6cVSgWJBwVKQ","phoneId":"c3c993dc-c8b1-45cb-a33a-8f6329cccbf6","identityId":{"type":"Buffer","data":"zfk9BVHX9Wp6SMDJKUgtfdF6q5k="},"registered":false,"backupToken":{"type":"Buffer","data":"R4pxbqWM2XkOJxQ1mXOEYP0fR4o="},"registration":{},"account":{"details":"CLTR0scEEOPnl8AGGAEgACgA","accountSignatureKey":"//GU/RbyCxUPmgv/qM0+Tzb0EQDTHm99tnCqqTPw/UM=","accountSignature":"fie290MlttgPqmV4R86lfBI328AoO3BslQNHec9PJZ3EDW5FiiVWb55ZElPKPIgPsRWfc3GnkAc5z2+MMjffCQ==","deviceSignature":"O+UiXwiZity546dKWlODf/IqIru6fK6QEFZyeA7PGdK9XE/700fQchy6RPyaYOFyE1C9bHbaQ0q/l2ZGKkjHDw=="},"me":{"id":"62895413526942:6@s.whatsapp.net"},"signalIdentities":[{"identifier":{"name":"62895413526942:6@s.whatsapp.net","deviceId":0},"identifierKey":{"type":"Buffer","data":"Bf/xlP0W8gsVD5oL/6jNPk829BEA0x5vfbZwqqkz8P1D"}}],"platform":"android"}